"","OTUID","mean_abundance","sd_abundance"
"1","g__Acremonium",0.00037614682424135,0.00135628834462507
"2","g__Acrophialophora",0.000160080637097771,0.000745872705733563
"3","g__Akanthomyces",3.38357364515921e-05,0.00015620746540262
"4","g__Alternaria",0.0170454757248371,0.087259236793595
"5","g__Apiotrichum",0.0167456136419473,0.110094935681042
"6","g__Aspergillus",0.0690734955980983,0.138192882096086
"7","g__Aureobasidium",0.0191736416348212,0.0437636037518607
"8","g__Bisifusarium",2.93724322028602e-05,0.000157238896932402
"9","g__Bjerkandera",2.10985881786677e-05,0.000123365456818653
"10","g__Botryotrichum",1.14250137196443e-05,9.21114053856194e-05
"11","g__Bullera",6.02297377055792e-05,0.000220968523163528
"12","g__Cadophora",0.000108936096491876,0.000526945639210608
"13","g__Candida",0.00731105085637511,0.0113416041588181
"14","g__Capnodiales_gen_Incertae_sedis",4.53017948948652e-06,3.65234746902959e-05
"15","g__Cephaloascus",0.00281387470380413,0.00782077775042205
"16","g__Ceratocystidaceae_gen_Incertae_sedis",0.000127395261814372,0.000453663388632326
"17","g__Chaetomium",0.00735657033182781,0.0497290928208265
"18","g__Chaetothyriales_gen_Incertae_sedis",0.00433758037933614,0.0349053560534275
"19","g__Chordomyces",0.00024226625345156,0.00131991452569884
"20","g__Citeromyces",6.81658781319708e-05,0.000390586463642216
"21","g__Cladosporium",0.0808019375580563,0.160968579847423
"22","g__Clavispora",0.000130922989872563,0.000354917616856936
"23","g__Cleistothelebolus",1.9545335088538e-05,0.000109588371952481
"24","g__Clonostachys",0.00073324919921879,0.0048516886144193
"25","g__Coniochaeta",0.00432939515157507,0.00932069623833809
"26","g__Coniosporium",0.000430447549009828,0.0025116279951299
"27","g__Coniothyrium",0.000499552254858689,0.00253391167651141
"28","g__Cosmospora",9.92457107721406e-05,0.000486968728158951
"29","g__Cryptococcus",0.00538698192977147,0.0313796642030287
"30","g__Curvibasidium",0.000967069496450428,0.00369221895059867
"31","g__Curvularia",8.79945704860911e-05,0.000479497700158869
"32","g__Cutaneotrichosporon",0.00134744619224487,0.00402046047082446
"33","g__Cyberlindnera",0.000441290921009798,0.00208154325022613
"34","g__Cyphellophora",0.00018945393181484,0.00074308947447085
"35","g__Cystobasidium",0.0153896588214799,0.0580506549254618
"36","g__Cystofilobasidiaceae_gen_Incertae_sedis",9.7531298709729e-06,5.52737848853225e-05
"37","g__Cystofilobasidium",0.0307847464224193,0.0735990697670447
"38","g__Cytospora",9.69983399526423e-05,0.000677943158168958
"39","g__Debaryomyces",0.0380770160214818,0.145322547601779
"40","g__Dictyosporiaceae_gen_Incertae_sedis",0.00051523360383675,0.0024043808357396
"41","g__Didymella",0.014442192983688,0.0625393341610346
"42","g__Dioszegia",0.00552217241198917,0.0312271058760317
"43","g__Diplodia",9.18302489209484e-05,0.000740359135891101
"44","g__Dipodascus",2.43212869497063e-05,0.000148046225923646
"45","g__Diutina",5.08531687472917e-05,0.000255069277152139
"46","g__Effuseotrichosporon",3.02383080743296e-05,0.000172962269860711
"47","g__Eucasphaeria",0.000358471498544616,0.00263985618946198
"48","g__Exophiala",0.0254435520971766,0.0772668184071989
"49","g__Filobasidium",0.0101876741890647,0.0197493053720322
"50","g__Fomitopsis",2.11627467842271e-05,0.000170619519236415
"51","g__Fungi_gen_Incertae_sedis",0.00842384432232883,0.0501998228533192
"52","g__Fusarium",0.0295527836793357,0.104777269029173
"53","g__Fusicolla",0.00273557967104586,0.01634704943981
"54","g__Galactomyces",5.66812039303674e-05,0.000315812122941062
"55","g__Geotrichum",0.00495827883776559,0.0142455753750686
"56","g__Gibberella",7.5993619254127e-05,0.000493204278230322
"57","g__Gibellulopsis",0.000229190686622756,0.00113988068065199
"58","g__Hannaella",5.96213894513957e-05,0.00033891090853698
"59","g__Hanseniaspora",0.000203066086391169,0.000950334798757045
"60","g__Hormonema",8.71839283775347e-05,0.000339311587615184
"61","g__Huntiella",0.000434952360488842,0.00248201831513733
"62","g__Hyphopichia",0.000298867461385505,0.00102305304317553
"63","g__Inopinatum",4.3515501309454e-06,3.50833187603241e-05
"64","g__Iodophanus",5.93490025064522e-05,0.00022393570703002
"65","g__Irpex",0.000150136327083146,0.000774183146531829
"66","g__Issatchenkia",0.000147271064571205,0.000488556688790299
"67","g__Kazachstania",0.00111747866129224,0.00461434268959585
"68","g__Kluyveromyces",1.03363978057407e-05,8.07282248548367e-05
"69","g__Knufia",0.000422801717187865,0.00206423125538444
"70","g__Kurtzmaniella",0.00034592504853131,0.00162362342540151
"71","g__Kwoniella",8.0968244602766e-05,0.000371650652074112
"72","g__Lasiobolidium",0.00117185765955922,0.00411580316813272
"73","g__Lecanicillium",4.56275539541243e-05,0.000272200677527091
"74","g__Leptographium",3.54515830810941e-06,2.00626825537899e-05
"75","g__Leucosporidium",0.0113524733864114,0.0401638741525559
"76","g__Malassezia",0.000167085177570564,0.000874523946648336
"77","g__Meyerozyma",0.000655151181041844,0.00231966635647684
"78","g__Microascus",1.8139657149592e-05,0.000120166717980767
"79","g__Mortierella",0.000263152699569321,0.00129562862821016
"80","g__Mrakia",0.00138892852093804,0.0030503812965747
"81","g__Mucor",0.0280848407352696,0.0649091763241136
"82","g__Naganishia",0.0356458885678787,0.0729339717571589
"83","g__Nakazawaea",3.83322861913675e-05,0.000256588500775872
"84","g__Neoascochyta",0.000303683707810468,0.00109267177821048
"85","g__Neocucurbitaria",0.000792692517108119,0.00277292192873536
"86","g__Neophaeotheca",1.3226006842031e-05,8.25802757552469e-05
"87","g__Neopyrenochaeta",0.000421001782999683,0.0025326369929632
"88","g__Neosetophoma",0.000815303728135823,0.0037836391376127
"89","g__Nigrospora",6.77226108658497e-05,0.000262804647232087
"90","g__Oidiodendron",0.000118590876624204,0.000449573110089758
"91","g__Ophiostoma",0.00269447697641288,0.00742608563735319
"92","g__Orbilia",5.36924968848021e-05,0.000261077947117822
"93","g__Paecilomyces",0.00174440240415532,0.00430112283256195
"94","g__Papiliotrema",0.00187028445093767,0.00557502662088765
"95","g__Paraphoma",0.00599564930019493,0.0221931980032425
"96","g__Parapyrenochaeta",4.49667364943375e-05,0.00033677756314885
"97","g__Penicillium",0.0937430547326958,0.165813248010673
"98","g__Periconia",7.8162419838004e-06,3.81767711470498e-05
"99","g__Petriella",5.17610742571196e-05,0.000213068750930332
"100","g__Phaeococcomyces",0.000233452429367792,0.000925941923845607
"101","g__Phaeoisaria",9.39774320049594e-05,0.000503195650092584
"102","g__Phanerochaete",0.000266395727815002,0.0014621156980788
"103","g__Phialemonium",0.000276194628772889,0.00130451185863655
"104","g__Pichia",0.00128374127323594,0.00437579899726567
"105","g__Piskurozyma",0.00546345902585903,0.017026240335441
"106","g__Plectosphaerella",0.0016296228966523,0.00876629862097426
"107","g__Pleurostoma",0.000313679096868684,0.00176674557232876
"108","g__Preussia",0.000100733856896615,0.000471595765020461
"109","g__Proceropycnis",2.99052979038379e-05,0.000133523521554444
"110","g__Pseudogymnoascus",0.00526991027909183,0.0382667835590558
"111","g__Pseudopithomyces",0.000710297343761352,0.00233534974598251
"112","g__Pseudotremella",6.98971324488658e-05,0.000325266874838602
"113","g__Pyrenochaetopsis",9.84685105803372e-05,0.000624890227202497
"114","g__Ramularia",0.000127033581296193,0.000533342983684037
"115","g__Rhizopus",0.041248233287043,0.10310078310148
"116","g__Rhodosporidiobolus",0.015776022643711,0.0306455185187591
"117","g__Rhodotorula",0.0105496844051477,0.0206842435014275
"118","g__Rozellomycota_gen_Incertae_sedis",0.0108416321775309,0.05329575861166
"119","g__Sarocladium",0.000551486777239855,0.00190242923129966
"120","g__Scopulariopsis",0.000156564992663788,0.000608375190301355
"121","g__Sistotrema",0.000213376532534744,0.00140726460118614
"122","g__Spermospora",0.00223759972725871,0.00930949474304946
"123","g__Spissiomyces",0.000162005545716621,0.000929317989067538
"124","g__Spizellomycetales_gen_Incertae_sedis",0.000201867913325152,0.00145954272469337
"125","g__Sporidiobolus",0.00727387720507851,0.0301809451001494
"126","g__Sporobolomyces",8.08374797239466e-06,4.61912425350472e-05
"127","g__Stachybotrys",0.000628952681583239,0.0027147130741278
"128","g__Stagonosporopsis",3.12502531849216e-06,2.51947595876426e-05
"129","g__Starmerella",0.000727815630995053,0.00295820837630742
"130","g__Symmetrospora",0.015982391278375,0.074094067866927
"131","g__Syncephalastrum",0.000216687054829631,0.000641649324738957
"132","g__Talaromyces",0.00768102724392795,0.0194928125804181
"133","g__Tausonia",0.00378696741301667,0.00961781805552719
"134","g__Tetracladium",0.000688158104602855,0.00271380422798534
"135","g__Thielaviopsis",5.46018164222642e-05,0.000253824454779789
"136","g__Torula",7.22506612919987e-05,0.000360525376878208
"137","g__Trametes",0.00034510141662991,0.00124361472186861
"138","g__Tremellales_gen_Incertae_sedis",0.000466180607226551,0.00220495279289048
"139","g__Tricellula",0.000493631183282446,0.0022834436515739
"140","g__Trichoderma",0.0376283825606027,0.0756502530599924
"141","g__Trichomerium",2.25444998215e-05,0.000129193022919517
"142","g__Trichosporon",0.00107405249634925,0.00229968498630502
"143","g__Uwebraunia",1.65931699947674e-05,8.03658979284319e-05
"144","g__Verrucaria",0.00131731870231234,0.00800834985181502
"145","g__Vishniacozyma",0.0575430291061951,0.149872427066615
"146","g__Wallemia",0.00462457603716669,0.0209189457425048
"147","g__Wickerhamiella",0.00049979918763306,0.0014123299193203
"148","g__Wickerhamomyces",0.000557825577430395,0.00244123882356157
"149","g__Yarrowia",0.0485204466510395,0.210964711580741
"150","g__Zalaria",0.000914443050914102,0.00222506854256502
